{
  "incumbent_ids": [
    2
  ],
  "rejected_config_ids": [
    1,
    3
  ],
  "incumbents_changed": 2,
  "trajectory": [
    {
      "config_ids": [
        1
      ],
      "costs": [
        -0.9642044911295082
      ],
      "trial": 1,
      "walltime": 0.8066720962524414
    },
    {
      "config_ids": [
        2
      ],
      "costs": [
        -0.9799465231826289
      ],
      "trial": 4,
      "walltime": 2.0190742015838623
    }
  ],
  "state": {
    "queue": [
      [
        4,
        2
      ]
    ]
  }
}