{
  "incumbent_ids": [
    2
  ],
  "rejected_config_ids": [
    1,
    3
  ],
  "incumbents_changed": 2,
  "trajectory": [
    {
      "config_ids": [
        1
      ],
      "costs": [
        -0.631578947368421
      ],
      "trial": 1,
      "walltime": 0.5931031703948975
    },
    {
      "config_ids": [
        2
      ],
      "costs": [
        -0.9473684210526316
      ],
      "trial": 4,
      "walltime": 1.4378221035003662
    }
  ],
  "state": {
    "queue": [
      [
        4,
        2
      ]
    ]
  }
}