{
  "incumbent_ids": [
    15
  ],
  "rejected_config_ids": [
    4,
    5,
    11,
    13,
    8,
    16,
    22,
    24,
    26,
    28,
    30,
    32,
    34,
    36,
    38
  ],
  "incumbents_changed": 4,
  "trajectory": [
    {
      "config_ids": [
        4
      ],
      "costs": [
        0.8927768402473133
      ],
      "trial": 1,
      "walltime": 11.608200073242188
    },
    {
      "config_ids": [
        5
      ],
      "costs": [
        0.6444020925792058
      ],
      "trial": 2,
      "walltime": 19.35964798927307
    },
    {
      "config_ids": [
        8
      ],
      "costs": [
        0.41641060430298243
      ],
      "trial": 4,
      "walltime": 109.67317414283752
    },
    {
      "config_ids": [
        15
      ],
      "costs": [
        0.046386875822091674
      ],
      "trial": 8,
      "walltime": 211.89203000068665
    }
  ],
  "state": {
    "queue": [
      [
        1,
        2
      ],
      [
        2,
        2
      ],
      [
        3,
        2
      ],
      [
        6,
        2
      ],
      [
        9,
        2
      ],
      [
        12,
        2
      ],
      [
        14,
        2
      ],
      [
        17,
        2
      ],
      [
        19,
        2
      ],
      [
        21,
        2
      ],
      [
        23,
        2
      ],
      [
        25,
        2
      ],
      [
        27,
        2
      ],
      [
        29,
        2
      ],
      [
        31,
        2
      ],
      [
        33,
        2
      ],
      [
        35,
        2
      ],
      [
        37,
        2
      ],
      [
        39,
        1
      ]
    ]
  }
}