{
  "incumbent_ids": [
    2
  ],
  "rejected_config_ids": [
    1,
    4,
    3,
    6,
    5,
    8,
    9,
    7,
    11,
    10,
    13,
    16,
    12,
    17,
    15,
    18,
    20,
    19,
    14,
    21,
    23,
    24,
    22,
    25,
    29,
    28,
    30,
    26,
    31,
    27,
    32,
    33
  ],
  "incumbents_changed": 2,
  "trajectory": [
    {
      "config_ids": [
        1
      ],
      "costs": [
        0.05333333333333334
      ],
      "trial": 1,
      "walltime": 7.090617895126343
    },
    {
      "config_ids": [
        2
      ],
      "costs": [
        0.04
      ],
      "trial": 2,
      "walltime": 7.133363962173462
    }
  ],
  "state": {
    "queue": [
      [
        38,
        2
      ],
      [
        34,
        4
      ],
      [
        35,
        4
      ],
      [
        36,
        4
      ],
      [
        37,
        4
      ]
    ]
  }
}