{
  "incumbent_ids": [
    93
  ],
  "rejected_config_ids": [
    5,
    4,
    10,
    12,
    16,
    18,
    20,
    22,
    24,
    26,
    9,
    29,
    31,
    33,
    37,
    39,
    41,
    43,
    45,
    47,
    49,
    51,
    53,
    55,
    57,
    59,
    61,
    63,
    65,
    67,
    69,
    71,
    73,
    75,
    77,
    79,
    81,
    83,
    85,
    87,
    89,
    91,
    28,
    94,
    97,
    98
  ],
  "incumbents_changed": 4,
  "trajectory": [
    {
      "config_ids": [
        4
      ],
      "costs": [
        Infinity
      ],
      "trial": 1,
      "walltime": 1.1885230541229248
    },
    {
      "config_ids": [
        9
      ],
      "costs": [
        0.06883826717497524
      ],
      "trial": 4,
      "walltime": 7.092041969299316
    },
    {
      "config_ids": [
        28
      ],
      "costs": [
        0.06743679904752178
      ],
      "trial": 14,
      "walltime": 20.56049370765686
    },
    {
      "config_ids": [
        93
      ],
      "costs": [
        0.06491097803157572
      ],
      "trial": 47,
      "walltime": 50.02238368988037
    }
  ],
  "state": {
    "queue": [
      [
        1,
        2
      ],
      [
        2,
        2
      ],
      [
        3,
        2
      ],
      [
        6,
        2
      ],
      [
        8,
        2
      ],
      [
        11,
        2
      ],
      [
        13,
        2
      ],
      [
        15,
        2
      ],
      [
        17,
        2
      ],
      [
        19,
        2
      ],
      [
        21,
        2
      ],
      [
        23,
        2
      ],
      [
        25,
        2
      ],
      [
        27,
        2
      ],
      [
        30,
        2
      ],
      [
        32,
        2
      ],
      [
        34,
        2
      ],
      [
        36,
        2
      ],
      [
        38,
        2
      ],
      [
        40,
        2
      ],
      [
        42,
        2
      ],
      [
        44,
        2
      ],
      [
        46,
        2
      ],
      [
        48,
        2
      ],
      [
        50,
        2
      ],
      [
        52,
        2
      ],
      [
        54,
        2
      ],
      [
        56,
        2
      ],
      [
        58,
        2
      ],
      [
        60,
        2
      ],
      [
        62,
        2
      ],
      [
        64,
        2
      ],
      [
        66,
        2
      ],
      [
        68,
        2
      ],
      [
        70,
        2
      ],
      [
        72,
        2
      ],
      [
        74,
        2
      ],
      [
        76,
        2
      ],
      [
        78,
        2
      ],
      [
        80,
        2
      ],
      [
        82,
        2
      ],
      [
        84,
        2
      ],
      [
        86,
        2
      ],
      [
        88,
        2
      ],
      [
        90,
        2
      ],
      [
        92,
        2
      ],
      [
        95,
        1
      ]
    ]
  }
}