{
  "incumbent_ids": [
    5
  ],
  "rejected_config_ids": [
    1,
    3,
    4,
    6,
    7,
    2,
    8,
    9,
    10,
    11,
    12,
    13,
    14,
    15,
    16,
    18,
    19,
    20,
    21,
    17,
    22,
    23,
    24,
    25,
    26,
    27,
    28,
    29,
    30,
    31,
    32,
    33
  ],
  "incumbents_changed": 3,
  "trajectory": [
    {
      "config_ids": [
        1
      ],
      "costs": [
        0.6583333333333333
      ],
      "trial": 1,
      "walltime": 0.04265189170837402
    },
    {
      "config_ids": [
        2
      ],
      "costs": [
        0.016666666666666666
      ],
      "trial": 2,
      "walltime": 0.04401063919067383
    },
    {
      "config_ids": [
        5
      ],
      "costs": [
        0.0
      ],
      "trial": 18,
      "walltime": 0.40938282012939453
    }
  ],
  "state": {
    "queue": [
      [
        34,
        2
      ],
      [
        36,
        2
      ],
      [
        35,
        4
      ]
    ]
  }
}