{
  "incumbent_ids": [
    12
  ],
  "rejected_config_ids": [
    1,
    4,
    3,
    5,
    7,
    8,
    2,
    9,
    6,
    11,
    10,
    13,
    16,
    14,
    17,
    15,
    18,
    20,
    21,
    19,
    22,
    24,
    25,
    26,
    27,
    28,
    23,
    29,
    30,
    31,
    32,
    33,
    34
  ],
  "incumbents_changed": 4,
  "trajectory": [
    {
      "config_ids": [
        1
      ],
      "costs": [
        1.1450675770690304
      ],
      "trial": 1,
      "walltime": 0.1919698715209961
    },
    {
      "config_ids": [
        2
      ],
      "costs": [
        0.16290787578181468
      ],
      "trial": 2,
      "walltime": 0.3183159828186035
    },
    {
      "config_ids": [
        6
      ],
      "costs": [
        0.15370979097086127
      ],
      "trial": 21,
      "walltime": 2.071134090423584
    },
    {
      "config_ids": [
        12
      ],
      "costs": [
        0.09441906150772993
      ],
      "trial": 28,
      "walltime": 3.273097038269043
    }
  ],
  "state": {
    "queue": [
      [
        35,
        2
      ],
      [
        36,
        2
      ]
    ]
  }
}