{
  "incumbent_ids": [
    15
  ],
  "rejected_config_ids": [
    4,
    3,
    1,
    5,
    9,
    8,
    7,
    2,
    10,
    12,
    11,
    13,
    14,
    6,
    16,
    17,
    18,
    19,
    20,
    22,
    21,
    23,
    24,
    25,
    26,
    28,
    27,
    29,
    30,
    32,
    31,
    33,
    34,
    35
  ],
  "incumbents_changed": 3,
  "trajectory": [
    {
      "config_ids": [
        2
      ],
      "costs": [
        0.04
      ],
      "trial": 1,
      "walltime": 10.679845094680786
    },
    {
      "config_ids": [
        6
      ],
      "costs": [
        0.03555555555555556
      ],
      "trial": 21,
      "walltime": 15.15842890739441
    },
    {
      "config_ids": [
        15
      ],
      "costs": [
        0.03333333333333334
      ],
      "trial": 43,
      "walltime": 18.123845100402832
    }
  ],
  "state": {
    "queue": [
      [
        35,
        4
      ],
      [
        36,
        2
      ],
      [
        37,
        2
      ],
      [
        38,
        2
      ]
    ]
  }
}