{
  "incumbent_ids": [
    3
  ],
  "rejected_config_ids": [
    2,
    1
  ],
  "incumbents_changed": 2,
  "trajectory": [
    {
      "config_ids": [
        1
      ],
      "costs": [
        -0.9733333333333334
      ],
      "trial": 1,
      "walltime": 0.019014835357666016
    },
    {
      "config_ids": [
        3
      ],
      "costs": [
        -0.9800000000000001
      ],
      "trial": 8,
      "walltime": 0.27587199211120605
    }
  ],
  "state": {
    "queue": [
      [
        4,
        2
      ]
    ]
  }
}