{
  "incumbent_ids": [
    3
  ],
  "rejected_config_ids": [
    1,
    2,
    4,
    5,
    6,
    7,
    8
  ],
  "incumbents_changed": 3,
  "trajectory": [
    {
      "config_ids": [
        1
      ],
      "costs": [
        1.1252816883198604
      ],
      "trial": 1,
      "walltime": 0.04728507995605469
    },
    {
      "config_ids": [
        2
      ],
      "costs": [
        1.1251009151403104
      ],
      "trial": 2,
      "walltime": 0.05922508239746094
    },
    {
      "config_ids": [
        3
      ],
      "costs": [
        0.08287386283473995
      ],
      "trial": 3,
      "walltime": 0.21439313888549805
    }
  ],
  "state": {
    "queue": [
      [
        7,
        2
      ],
      [
        8,
        1
      ]
    ]
  }
}